sku_id,mean_no_promo,mean_promo,relative_lift
SKU_001,87.51923076923077,128.85018903591683,0.47225001754947804
SKU_002,48.78409809126533,74.20122887864824,0.5210126205435329
SKU_003,19.935908803039897,34.38852209243271,0.724953822380499
