SARIMAX_RMSE,SARIMAX_MAPE,LSTM_RMSE,LSTM_MAPE
487.5377839830456,30.05264578982439,337.61333428877555,19.98153582397579
