SARIMAX_RMSE,SARIMAX_MAPE,LSTM_RMSE,LSTM_MAPE
487.5377839830456,30.05264578982439,238.14951165492283,11.512590244202437
