sku_id,mean_no_promo,mean_promo,relative_lift
SKU_001,83.13423412046976,126.47146529562983,0.5212922405992232
SKU_002,46.33320941759604,68.91304347826087,0.48733585142257935
SKU_003,19.2002072002072,31.92156862745098,0.6625637574945805
