{
  "Hybrid_RMSE": 9742.585399311482,
  "Hybrid_MAPE": 602.3872893853202,
  "SARIMAX_Only_RMSE": 9221.503409287636
}