{
  "Hybrid_RMSE": 1548.3694872445953,
  "Hybrid_MAPE": 119.00935416930558,
  "SARIMAX_Only_RMSE": 1437.264293198819,
  "SARIMAX_Only_MAPE": 105.09352478808627,
  "LSTM_Only_RMSE": 511.32807430093453,
  "LSTM_Only_MAPE": 47.67156332701582
}