{
  "SARIMAX_RMSE": 176.04914285621737,
  "SARIMAX_MAPE": 7.952704928746869,
  "LSTM_RMSE": 200.15333496770612,
  "LSTM_MAPE": 8.8227395637057
}