{
  "SARIMAX_RMSE": 176.04914285621737,
  "SARIMAX_MAPE": 7.952704928746869,
  "LSTM_RMSE": 200.30963097517179,
  "LSTM_MAPE": 8.670759044844782
}