{
  "Hybrid_RMSE": 309.5111031283992,
  "Hybrid_MAPE": 18.44775449689762,
  "SARIMAX_Only_RMSE": 305.96474080104906
}